{"train_losses": [0.9834254384040833, 0.2776698172092438, 0.016392072662711143, 0.001816122210584581, 0.022883523255586624, 0.006333234719932079, 0.001586592523381114, 0.004742482211440802, 0.0018913367530331016, 0.002068648813292384], "val_losses": [1.3021745681762695, 0.09953854978084564, 0.010360310785472393, 0.004191347863525152, 0.009492309764027596, 0.0004961190279573202, 0.005173909477889538, 0.0005061199772171676, 0.0004311762750148773, 0.0012867655605077744], "test_losses": [1.1768572330474854, 0.1111627072095871, 0.00408011581748724, 0.0025618444196879864, 0.011515517719089985, 0.0006033200770616531, 0.0010946296388283372, 0.0002790661237668246, 0.00037201933446340263, 0.0013390951789915562], "train_accs": [0.65625, 0.9156249761581421, 0.996874988079071, 1.0, 0.996874988079071, 0.996874988079071, 1.0, 1.0, 1.0, 1.0], "val_accs": [0.5687500238418579, 0.9750000238418579, 1.0, 0.996874988079071, 0.996874988079071, 1.0, 1.0, 1.0, 1.0, 1.0], "test_accs": [0.578125, 0.971875011920929, 1.0, 1.0, 0.9937499761581421, 1.0, 1.0, 1.0, 1.0, 1.0]}